{"id":1.0,
"name":"someName",
"CheckPalmNormValue":{"x":0.137237057089806,"y":-0.0117394411936402,"z":0.196360766887665},
"CheckThumb":0.0829662308096886,
"CheckIndex":0.104957826435566,
"CheckMiddle":0.111151188611984,
"CheckRing":0.103682279586792,
"CheckPinky":0.0907855927944183}