{"id":1.0,
"name":"someName",
"CheckPalmNormValueI":{"x":0.0847531110048294,"y":-0.028470553457737,"z":0.27007868885994},
"CheckThumb":0.0884463042020798,
"CheckIndex":0.101064085960388,
"CheckMiddle":0.0389901176095009,
"CheckRing":0.0370264425873756,
"CheckPinky":0.0867819562554359}